id,unite,konu_alt_basligi,kazanım,soru_tipi,bloom,zorluk,gorsel_turu,veri_yapisi,on_bilgi,matematiksel_beceriler,baglam,kaynak_yil,dogru_cevap,image_path,veri_yapısı
"S01-2018-VeriAnalizi,Veri Analizi,Çizgi Grafiklerde Veri Karşılaştırma,Bir veri grubundaki değişimleri çizgi grafik üzerinde yorumlar.,Veri Yorumlama ve Karşılaştırma,Analiz,3,Çizgi Grafik,Çizgi Grafik → Sonuç Karşılaştırma,""['Toplama', 'Çıkarma', 'Grafik okuma', 'Karşılaştırma yapma']"",""['Veri analizi', 'Aritmetik işlem', 'Grafik yorumlama']"",İki firmanın yıllara göre gelir değişimleri,2018,C,images/veri_analizi_1.png,",,,,,,,,,,,,,,,
"S02-2019-VeriAnalizi,Veri Analizi,Veri Tablosundan Çizgi Grafik Oluşturma,Veri tablosundaki sayısal bilgileri çizgi grafiğe aktarır ve grafiği yorumlar.,Veri Dönüştürme ve Yorumlama,Uygulama,3,Çizgi Grafik,Tablo (veri açıklaması) → Çizgi Grafik,""['Toplama', 'Çıkarma', 'Grafik okuma', 'Artış-azalış kavramı']"",""['Veri dönüştürme', 'Aritmetik işlem', 'Grafik oluşturma']"",Bir otobüs firmasının aylık yolcu sayısı değişimi,2019,A,images/veri_analizi_2.png,",,,,,,,,,,,,,,,
"S03-2023-VeriAnalizi,Veri Analizi,Sütun Grafiğinde Veri Karşılaştırma,Sütun grafiğinde verilen verileri karşılaştırarak doğru ve yanlış ifadeleri belirler.,Veri Yorumlama ve Doğruluk Analizi,Analiz,4,Sütun Grafik,Sütun Grafik → Sözel Yorum,""['Toplama', 'Çıkarma', 'Karşılaştırma yapma', 'Grafik okuma']"",""['Veri analizi', 'Kıyaslama', 'Aritmetik işlem', 'Yorumlama']"",Bilgisayar markalarının aylara göre satış miktarları,2023,D,images/veri_analizi_3.png,",,,,,,,,,,,,,,,
"S04-2018-VeriAnalizi,Veri Analizi,Sütun Grafik ve Yüzde Hesaplama,Sütun grafiğinde verilen verileri kullanarak oran ve yüzde hesaplamaları yapar.,Veri Yorumlama ve Oran Hesaplama,Uygulama,2,Sütun Grafik,Sütun Grafik → Oran/Yüzde Hesaplama,""['Yüzde hesaplama', 'Toplama', 'Oran-orantı', 'Grafik okuma']"",""['Aritmetik işlem', 'Oran-orantı', 'Yüzde bulma']"",Bir bahçedeki meyve ağaçlarının dağılımı,2018,B,images/veri_analizi_4.png,",,,,,,,,,,,,,,,
"S05-2020-VeriAnalizi,Veri Analizi,Sütun Grafiğiyle Karşılaştırmalı Veri Analizi,Sütun grafiğinde birden fazla veri grubunu karşılaştırarak doğru ve yanlış çıkarımlar yapar.,Veri Yorumlama ve Doğruluk Analizi,Analiz,3,Sütun Grafik,Sütun Grafik → Sözel Yorumlama,""['Toplama', 'Çıkarma', 'Karşılaştırma yapma', 'Grafik okuma']"",""['Veri karşılaştırma', 'Aritmetik işlem', 'Mantıksal analiz']"",Bir okulda 8. sınıf şubelerindeki kız ve erkek öğrenci sayıları,2020,C,images/veri_analizi_5.png,",,,,,,,,,,,,,,,
"S06-2019-VeriAnalizi,Veri Analizi,Sütun Grafik ve Oran Hesaplama,Sütun grafiğinde verilen verileri yorumlayarak oran ve kesirsel ilişkiler kurar.,Veri Yorumlama ve Oran/Kesir Hesaplama,Analiz,4,Sütun Grafik,Sütun Grafik → Oran Hesaplama,""['Toplama', 'Çıkarma', 'Oran-orantı', 'Kesir kavramı', 'Grafik okuma']"",""['Veri analizi', 'Oran hesaplama', 'Mantıksal ilişki kurma']"",Bir ildeki tahıl üretim miktarlarının karşılaştırılması,2019,A,images/veri_analizi_6.png,",,,,,,,,,,,,,,,
"S07-2021-VeriAnalizi,Veri Analizi,Sütun Grafiğinde Tahmin ve Güncelleme,Sütun grafiğindeki verileri kullanarak olası yeni durumlara göre tahmin yapar ve grafiği yorumlar.,Veri Yorumlama ve Tahmin,Analiz,4,Sütun Grafik,Sütun Grafik → Güncellenmiş Veri Yorumlama,""['Toplama', 'Çıkarma', 'Oran-orantı', 'Grafik okuma']"",""['Veri analizi', 'Tahmin yürütme', 'Toplama-çıkarma işlemleri', 'Grafik yorumlama']"",Bir bilgisayar kursuna köylere göre katılım sayılarının değişimi,2021,A,images/veri_analizi_7.png,",,,,,,,,,,,,,,,
"S08-2022-VeriAnalizi,Veri Analizi,Sütun Grafik ve Yüzde Dağılımı Yorumu,Sütun grafiğinde verilen yüzdelik dağılımları yorumlayarak doğru ve yanlış çıkarımlarda bulunur.,Yüzde Hesaplama ve Veri Yorumlama,Analiz,4,Sütun Grafik,Sütun Grafik (Yüzde) → Sayısal Hesaplama,""['Yüzde hesaplama', 'Oran-orantı', 'Toplama', 'Grafik okuma']"",""['Oran-orantı kurma', 'Yüzde hesaplama', 'Veri yorumlama']"",Bir marangoz atölyesinde ürün çeşitlerinin aylık üretim oranları,2022,A,images/veri_analizi_8.png,",,,,,,,,,,,,,,,
"S09-2020-VeriAnalizi,Veri Analizi,Çizgi Grafik ve Yüzdelik Dağılım Yorumu,Çizgi grafiğinde verilen verileri kullanarak yüzdelik oranlar üzerinden doğru ve yanlış çıkarımlarda bulunur.,Veri Yorumlama ve Yüzde Hesaplama,Analiz,4,Çizgi Grafik,Çizgi Grafik → Oran/Yüzde Yorumu,""['Yüzde hesaplama', 'Toplama', 'Oran-orantı', 'Grafik okuma']"",""['Yüzde bulma', 'Veri analizi', 'Grafik yorumlama', 'Kıyaslama']"",Matematik sınavına katılan öğrencilerin puan dağılımları,2020,B,images/veri_analizi_9.png,",,,,,,,,,,,,,,,
"S10-2019-VeriAnalizi,Veri Analizi,Grafikler Arası Veri Karşılaştırma (Daire + Sütun),""Birden fazla grafik türü arasında veri ilişkilerini kurar, yorum yapar ve karşılaştırma sonucuna ulaşır."",Karma Veri Yorumlama ve Karşılaştırma,Analiz,5,Daire + Sütun Grafik,Daire Grafik + Sütun Grafik → Karşılaştırmalı Yorum,""['Yüzde hesaplama', 'Toplama', 'Oran-orantı', 'Grafik okuma']"",""['Veri karşılaştırma', 'Yüzde bulma', 'Grafik yorumlama', 'Mantıksal analiz']"",Bir sınıfta iki sınavın sonuçlarının karşılaştırılması,2019,A,images/veri_analizi_10.png,",,,,,,,,,,,,,,,
"S11-2022-VeriAnalizi,Veri Analizi,Sütun Grafiği Yorumlama,Sütun grafiğini yorumlar ve verileri kullanarak yüzde hesaplamaları yapar.,Veri Yorumlama ve Yüzde Hesaplama,Uygulama,2,Sütun Grafik,Not dağılımı,""['Yüzde hesaplama', 'Oran-orantı', 'Toplama']"",""['Yüzde bulma', 'Oran kurma', 'Veri okuma']"",Sınıf içi başarı analizi,2022,D,images/veri_analizi_11.png,",,,,,,,,,,,,,,,
"S12-2024-VeriAnalizi,Veri Analizi,Tablo Yorumlama,""Verilen tabloyu yorumlar, oran-orantı kullanarak farklı durumlara ilişkin sonuçlar çıkarır."",Veri Yorumlama ve Oran-Orantı Uygulama,Uygulama,2,Tablo,Tablo → Oran Hesaplama,""['Oran-orantı', 'Doğru orantı', 'Temel işlem becerileri']"",""['Oran kurma', 'Orantı çözme', 'Çarpma-bölme işlemleri']"",Tarım ürünlerinin üretim miktarları,2024,C,images/veri_analizi_12.png,",,,,,,,,,,,,,,,
"S13-2021-VeriAnalizi,Veri Analizi,Tablo Verisine Dayalı Akıl Yürütme,Tabloda verilen verilerden yararlanarak orantısal çıkarımlar yapar ve uygun olmayan sonucu belirler.,Veri Yorumlama ve Akıl Yürütme,Analiz,3,Metin (Tabloya Bağlı Soru),Tablo Verisi → Seçenek Karşılaştırma,""['Oran-orantı', 'Doğru orantı', 'Birim analiz']"",""['Oran kurma', 'Orantı çözme', 'Karşılaştırma yapma']"",Tarım ürünlerinin üretim oranları üzerinden karşılaştırma,2021,B,images/veri_analizi_13.png,",,,,,,,,,,,,,,,
"S14-2022-VeriAnalizi,Veri Analizi,Tablo Yorumlama ve En-Az/En-Çok Problemleri,""Verilen tabloyu yorumlar, olası durumları analiz eder ve en az–en çok gibi durumlara ilişkin çıkarımlar yapar."",Veri Yorumlama ve Mantıksal Akıl Yürütme,Analiz,3,Tablo,Tablo → Mantıksal Çıkarım,""['Toplama', 'Oran-orantı', 'En az–en çok analizi']"",""['Veri okuma', 'Karşılaştırma', 'Akıl yürütme']"",Günlük yaşam – otobüs servisi ikram analizi,2022,A,images/veri_analizi_14.png,",,,,,,,,,,,,,,,
"S15-2023-VeriAnalizi,Veri Analizi,Daire Grafik Yorumlama,""Daire grafiğini yorumlar, merkez açı ve yüzde arasındaki ilişkiyi kullanarak veriler arasında bağlantı kurar."",Veri Yorumlama ve Hesaplama,Uygulama,2,Daire Grafik,Merkez Açı → Alan Hesaplama,""['Yüzde hesaplama', 'Merkez açı–oran ilişkisi', 'Çarpma-bölme işlemleri']"",""['Oran kurma', 'Yüzdeyi alana dönüştürme', 'Veri okuma']"",Tarım ürünleri – ekim alanı dağılımı,2023,B,images/veri_analizi_15.png,",,,,,,,,,,,,,,,
"S16-2022-VeriAnalizi,Veri Analizi,Daire Grafik Yorumlama,Daire grafiğini yorumlar ve farklı veriler arasındaki farkı merkez açı veya oran üzerinden hesaplar.,Veri Yorumlama ve Karşılaştırma,Uygulama,2,Daire Grafik (Metin Bağımlı),Merkez Açı → Fark Hesaplama,""['Oran-orantı', 'Yüzde hesaplama', 'Merkez açı–alan ilişkisi']"",""['Oran kurma', 'Çıkarma', 'Veri karşılaştırma']"",Tarım ürünleri – ekim alanı farkı analizi,2022,D,images/veri_analizi_16.png,",,,,,,,,,,,,,,,
"S17-2020-VeriAnalizi,Veri Analizi,Grafik Türleri Arası Dönüşüm,Daire grafiğinde verilen verileri sütun grafiğine dönüştürür ve uygun grafiği seçer.,Grafik Dönüştürme ve Karşılaştırma,Uygulama,2,Daire + Sütun Grafik,Daire → Sütun,""['Oran-orantı', 'Açı–oran ilişkisi', 'Grafik okuma']"",""['Oran kurma', 'Veri dönüştürme', 'Karşılaştırma']"",Okul istatistiği – öğrenci dağılımı,2020,B,images/veri_analizi_17.png,",,,,,,,,,,,,,,,
"S18-2022-VeriAnalizi,Veri Analizi,Grafik Türleri Arası Dönüşüm,Sütun grafiğinde verilen verileri daire grafiğine dönüştürür ve doğru grafiği belirler.,Grafik Dönüştürme ve Karşılaştırma,Uygulama,2,Sütun + Daire Grafik,Sütun → Daire,""['Yüzde hesaplama', 'Merkez açı–oran ilişkisi', 'Oran-orantı']"",""['Oran kurma', 'Oranları açılara dönüştürme', 'Grafik okuma']"",Kütüphane kitap türü dağılımı,2022,D,images/veri_analizi_18.png,",,,,,,,,,,,,,,,
"S19-2023-VeriAnalizi,Veri Analizi,Sütun Grafiğini Daire Grafiğe Dönüştürme,Sütun grafiğinde verilen verileri daire grafiğine dönüştürür ve merkez açı hesaplaması yapar.,Grafik Dönüştürme ve Oran Hesaplama,Uygulama,2,Sütun Grafik,Sütun → Daire,""['Oran-orantı', 'Merkez açı–oran ilişkisi', 'Toplama işlemi']"",""['Oran kurma', 'Açı hesaplama', 'Veri okuma']"",Meyve ağaçlarının sayısal dağılımı,2023,D,images/veri_analizi_19.png,",,,,,,,,,,,,,,,
"S20-2018-VeriAnalizi,Veri Analizi,Tablodan Daire Grafik Oluşturma,Verilen tablo verilerini daire grafiğine dönüştürür ve merkez açı hesaplaması yapar.,Tablo Yorumlama ve Oran Hesaplama,Uygulama,2,Tablo,Tablo → Daire Grafik,""['Yüzde hesaplama', 'Oran-orantı', 'Merkez açı–oran ilişkisi']"",""['Oran kurma', 'Açı hesaplama', 'Toplama']"",Bireysel çalışma verisi – çözülen soru sayıları,2018,A,images/veri_analizi_20.png,",,,,,,,,,,,,,,,
"S21-2022-VeriAnalizi,Veri Analizi,Daire Grafik Yorumlama,Daire grafiğini yorumlar ve verilen verilerle ilişkilendirir.,Veri Yorumlama,Uygulama,2,Daire Grafik,Grafik → Tablo,""['Yüzde hesaplama', 'Oran-orantı', 'Grafik okuma']"",""['Toplama', 'Orantı kurma', 'Veri karşılaştırma']"",Günlük yaşam – içecek tercihi anketi,2022,D,images/veri_analizi_21.png,",,,,,,,,,,,,,,,
"S22-2020-VeriAnalizi,Veri Analizi,Tablo - Grafik Eşleştirme,""Verilen tablo ve grafik verilerini karşılaştırır, uygun ilişkiyi belirler."",Veri Yorumlama ve Eşleştirme,Analiz,3,Tablo + Daire Grafik,Tablo → Daire Grafik,""['Toplama', 'Yüzde hesaplama', 'Oran-orantı']"",""['Veri karşılaştırma', 'Oran kurma', 'Yorumlama']"",Günlük yaşam – ürün satış miktarları,2020,D,images/veri_analizi_22.png,",,,,,,,,,,,,,,,
"S23-2019-VeriAnalizi,Veri Analizi,Grafik Türleri Arası Dönüşüm,""Farklı grafik türlerini (çizgi, sütun, daire) yorumlar ve aralarındaki ilişkiyi kurar."",Grafik Dönüştürme ve Karşılaştırma,Analiz,3,Çizgi + Daire Grafik,Çizgi → Daire,""['Oran-orantı', 'Yüzde hesaplama', 'Grafik okuma']"",""['Oran kurma', 'Toplama', 'Veri karşılaştırma']"",Firma gelir analizi (ekonomi verisi),2019,D,images/veri_analizi_23.png,",,,,,,,,,,,,,,,
"S24-2021-VeriAnalizi,Veri Analizi,Grafik Türleri Arası Dönüşüm,""Daire ve sütun grafiği arasında ilişki kurar, bir grafik türündeki veriyi diğerine dönüştürür."",Grafik Dönüştürme ve Yorumlama,Uygulama,2,Daire + Sütun Grafik,Daire → Sütun,""['Oran-orantı', 'Yüzde hesaplama', 'Grafik okuma']"",""['Oran kurma', 'Toplama', 'Veri dönüştürme']"",Günlük yaşam – satış miktarı analizi,2021,C,images/veri_analizi_24.png,",,,,,,,,,,,,,,,
"S25-2023-VeriAnalizi,Veri Analizi,Yüzde Verilerinden Grafik Oluşturma,Verilen yüzdeleri kullanarak daire grafiği oluşturur ve yorumlar.,Yüzde - Daire Grafik Eşleştirme,Uygulama,2,Daire Grafik,Yüzde → Daire Grafik,""['Yüzde hesaplama', 'Merkez açı hesaplama', 'Oran-orantı']"",""['Oran kurma', 'Yüzdeleri açılara dönüştürme', 'Veri yorumlama']"",Okul anketi – gezi tercihleri,2023,C,images/veri_analizi_25.png,",,,,,,,,,,,,,,,
"S26-2024-VeriAnalizi,Veri Analizi,Grafik Dönüştürme,Sütun ve daire grafiğini yorumlar ve dönüştürür.,Yorumlama ve Dönüştürme,Uygulama,2,Sütun + Daire Grafik,Sütun → Daire,""['Yüzde hesaplama', 'Merkez açı hesaplama', 'Oran-orantı']"",""['Toplama', 'Oran', 'Orantı']"",Tarım ürünleri,2024,B,images/veri_analizi_26.png,",,,,,,,,,,,,,,,
"S27-2022-VeriAnalizi,Veri Analizi,Yüzde - Açı Dönüşümü,Yüzdeleri daire grafiğinde merkez açıyla ilişkilendirir ve hesaplar.,Yüzde - Açı Hesaplama,Uygulama,1,Metin,Yüzde → Açı,""['Yüzde hesaplama', 'Açı hesaplama', 'Oran-orantı']"",""['Yüzdeyi dereceye çevirme', 'Oran kurma', 'Hesaplama']"",""Coğrafi alan dağılımı – yerleşim, ekili, orman, bozkır"",2022,C,images/veri_analizi_27.png,",,,,,,,,,,,,,,,
"S28-2022-VeriAnalizi,Veri Analizi,Daire Grafiğinde Orantısal İlişki Kurma,Daire grafiğinde verilen merkez açı ve oranları kullanarak nicel ilişki kurar.,Oran - Açı - Alan İlişkisi,Uygulama,2,Daire Grafik,Açı → Oran → Nicel Değer,""['Oran-orantı', 'Açı hesaplama', 'Daire grafiği yorumlama']"",""['Oran kurma', 'Çarpma', 'Açı - alan ilişkisi']"",Tarım alanı – ekili ürün oranları,2022,C,images/veri_analizi_28.png,",,,,,,,,,,,,,,,
"S29-2018-VeriAnalizi,Veri Analizi,Veri - Açı Dönüşümü,""Verilen nicel verileri (ör. kg, adet) daire grafiğinde merkez açıyla ilişkilendirir."",Veri - Açı Hesaplama,Uygulama,2,Metin,Veri (kg) → Açı,""['Oran-orantı', 'Açı hesaplama', 'Toplama']"",""['Oran kurma', 'Açı hesaplama', 'Yüzde dönüşümü']"",Günlük yaşam – elma satış miktarı analizi,2018,C,images/veri_analizi_29.png,",,,,,,,,,,,,,,,
"S30-2025-VeriAnalizi,Veri Analizi,Çoklu Veri Kaynaklarının Grafikleştirilmesi,Birden fazla veri grubundaki bilgileri birleştirerek uygun grafik türünü oluşturur ve yorumlar.,Grafik Dönüştürme ve Yorumlama,Analiz,3,Sütun + Daire Grafik,Sütun (2 veri seti) → Daire,""['Toplama', 'Oran-orantı', 'Grafik okuma']"",""['Veri birleştirme', 'Oran hesaplama', 'Açı yorumlama']"",Okul yaşamı – kitap türleri istatistiği,2025,D,images/veri_analizi_30.png,",,,,,,,,,,,,,,,
"S31-2025-VeriAnalizi,Veri Analizi,Tablo - Daire Grafik Eşleştirme,Verilen tablo verilerini yorumlayarak uygun daire grafiğini seçer.,Veri Yorumlama ve Dönüştürme,Uygulama,2,Tablo + Daire Grafik,Tablo → Daire Grafik,""['Oran-orantı', 'Yüzde hesaplama', 'Merkez açı ilişkisi']"",""['Yüzdeyi açıya dönüştürme', 'Veri karşılaştırma', 'Toplama']"",Doğal afetler – orman yangınları,2025,D,images/veri_analizi_31.png,",,,,,,,,,,,,,,,
"S32-2025-VeriAnalizi,Veri Analizi,Tablo - Daire Grafik Eşleştirme,Verilen tablo verilerini yorumlayarak uygun daire grafiğini seçer.,Veri Yorumlama ve Dönüştürme,Uygulama,2,Tablo + Daire Grafik,Tablo → Daire Grafik,""['Oran-orantı', 'Yüzde hesaplama', 'Merkez açı ilişkisi']"",""['Yüzdeyi açıya dönüştürme', 'Veri karşılaştırma', 'Toplama']"",Şirket ortaklık oranları,2025,C,images/veri_analizi_32.png,",,,,,,,,,,,,,,,
"S33-2024-VeriAnalizi,Veri Analizi,Tablo - Daire Grafik Eşleştirme,Verilen tablo verilerini yorumlayarak uygun daire grafiğini seçer.,Veri Yorumlama ve Dönüştürme,Uygulama,2,Tablo + Daire Grafik,Tablo → Daire Grafik,""['Yüzde hesaplama', 'Oran-orantı', 'Grafik okuma']"",""['Toplama', 'Oran kurma', 'Veri karşılaştırma']"",Mağaza kâr analizleri,2024,D,images/veri_analizi_33.png,",,,,,,,,,,,,,,,
"S34-2022-VeriAnalizi,Veri Analizi,Grafik Türleri Arası Dönüşüm,Daire grafikteki verileri kullanarak sütun grafiği oluşturur ve yorumlar.,Grafik Dönüştürme ve Yorumlama,Uygulama,3,Daire + Sütun Grafik,Daire → Sütun,""['Oran-orantı', 'Yüzde hesaplama', 'Daire grafikte açı–veri ilişkisi']"",""['Açıdan oran bulma', 'Oranla değer hesaplama', 'Veri yorumlama']"",Mağazada koltuk renklerinin dağılımı,2022,C,images/veri_analizi_34.png,",,,,,,,,,,,,,,,
"S35-2023-VeriAnalizi,Veri Analizi,Oran Verilerinden Grafik Oluşturma,Verilen oranlardan hareketle daire grafiği oluşturur ve yorumlar.,Oran - Grafik Dönüştürme,Uygulama,2,Daire Grafik,Oran → Daire Grafik,""['Oran-orantı', 'Açı hesaplama', 'Grafik yorumlama']"",""['Oran kurma', 'Toplam açıyı paylaştırma', 'Veri yorumlama']"",Çanakkale gezisine katılım oranı,2023,B,images/veri_analizi_35.png,",,,,,,,,,,,,,,,
"S36-2020-VeriAnalizi,Veri Analizi,Grafik Türleri Arası Dönüşüm,Çizgi grafikte verilen verileri kullanarak daire grafiği oluşturur ve yorumlar.,Grafik Dönüştürme,Uygulama,3,Çizgi Grafik,Çizgi → Daire Grafik,""['Oran-orantı', 'Yüzde hesaplama', 'Açı hesaplama']"",""['Toplama', 'Oran kurma', 'Yüzdeyi açıya dönüştürme']"",Pancar üretimi miktarlarının yıllara göre analizi,2020,D,images/veri_analizi_36.png,",,,,,,,,,,,,,,,
"S37-2021-VeriAnalizi,Veri Analizi,Grafik Verilerini Yorumlama,Daire grafikteki verileri yorumlayarak sayısal karşılaştırmalar yapar.,Veri Yorumlama,Uygulama,2,Daire Grafik,Daire → Sayısal Veri,""['Oran-orantı', 'Açı hesaplama', 'Veri okuma']"",""['Oran kurma', 'Açıdan yüzde bulma', 'Sayı farkı hesaplama']"",Resim sergisinde sergilenen tablo sayıları,2021,B,images/veri_analizi_37.png,",,,,,,,,,,,,,,,
"S38-2025-VeriAnalizi,Veri Analizi,Grafik Verilerini Yorumlama,Daire grafikte verilen yüzdelik verileri kullanarak problem çözer.,Yüzde Hesaplama ve Veri Yorumlama,Uygulama,3,Daire Grafik,Daire → Sayısal Veri,""['Oran-orantı', 'Yüzde hesaplama', 'Açıdan veri okuma']"",""['Yüzdeyi sayı ile ilişkilendirme', 'Toplama', 'Veri çıkarımı']"",Tiyatro bileti satışı ve katılım oranı,2025,D,images/veri_analizi_38.png,",,,,,,,,,,,,,,,
"S39-2019-VeriAnalizi,Veri Analizi,Tablo Verilerinden Grafik Oluşturma,Tablodaki verileri yorumlayarak daire grafiği oluşturur ve karşılaştırma yapar.,Veri Dönüştürme ve Yorumlama,Analiz,3,Tablo + Daire Grafik,Tablo → Daire Grafik,""['Toplama', 'Oran-orantı', 'Yüzde hesaplama']"",""['Veri karşılaştırma', 'Toplam bulma', 'Açı hesabı yapma']"",Kırtasiyedeki kalem türlerinin dağılımı,2019,D,images/veri_analizi_39.png,",,,,,,,,,,,,,,,
"S40-2025-VeriAnalizi,Veri Analizi,Grafikler Arası Karşılaştırma ve Veri Çıkarımı,Birden fazla grafikte verilen verileri karşılaştırarak çıkarım yapar.,Veri Yorumlama ve Karşılaştırma,Analiz,3,İki Daire Grafik,Daire → Daire Karşılaştırması,""['Oran-orantı', 'Yüzde hesaplama', 'Veri farkı bulma']"",""['Açı–veri ilişkisi kurma', 'Toplamdan fark bulma', 'Oran yorumlama']"",Marketlerde kolonya satış miktarları analizi,2025,C,images/veri_analizi_40.png,",,,,,,,,,,,,,,,
"S41-2024-VeriAnalizi,Veri Analizi,Daire Grafik Yorumlama ve Açı Hesaplama,Daire grafiğinde verilen açı ölçülerini kullanarak veri analizi yapar ve matematiksel işlemlerle sonuca ulaşır.,Problem Çözme,Analiz,3,Daire Grafik,Grafik → Hesaplama,""['Açı ölçüleri', 'Daire grafiği okuma', 'Oran-orantı', 'Yüzde hesaplama']"",""['Açı hesaplama', 'Orantı kurma', 'Yüzde artış hesaplama']"",Tarım – ekili alan hesaplama,2024,C,images/veri_analizi_41.png,",,,,,,,,,,,,,,,
"S42-2022-VeriAnalizi,Veri Analizi,Daire Grafik ve Oran Yorumlama,Daire grafiğini kullanarak oran ve sayı ilişkisini çözer.,Problem Çözme,Analiz,3,Daire Grafik,Grafik → Sayı Hesaplama,""['Oran', 'Açı ölçüleri', 'Orantı kurma', 'Toplam kavramı']"",""['Oran kurma', 'Açıdan yüzde bulma', 'Denklik oluşturma']"",Günlük yaşam – boncuk dağılımı,2022,D,images/veri_analizi_42.png,",,,,,,,,,,,,,,,
"S43-2021-VeriAnalizi,Veri Analizi,Daire Grafik Yorumlama ve Veri İlişkilendirme,Birden fazla daire grafiğini ilişkilendirerek veri analizi yapar.,Problem Çözme,Analiz,4,Çift Daire Grafik,Grafik → Orantı → Hesaplama,""['Açı ölçüleri', 'Oran-orantı', 'Yüzde kavramı']"",""['İki grafik karşılaştırma', 'Orantısal ilişki kurma']"",Araç modelleri ve renk dağılımı,2021,A,images/veri_analizi_43.png,",,,,,,,,,,,,,,,
"S44-2020-VeriAnalizi,Veri Analizi,Daire Grafik ve Tablo İlişkisi,Tablodan ve grafikten yararlanarak veri analizi yapar.,Problem Çözme,Analiz,4,Tablo + Daire Grafik,Tablo → Grafik → Hesaplama,""['Açı ölçüleri', 'Yüzde kavramı', 'Orantı kurma']"",""['Orantı kurma', 'Veri bütünleştirme', 'Açıdan oran bulma']"",Spor kulübü verileri,2020,A,images/veri_analizi_44.png,",,,,,,,,,,,,,,,
"S45-2020-VeriAnalizi,Veri Analizi,Çift Grafik Yorumlama (Sütun + Daire),İki farklı grafik türünü bir arada yorumlayarak sonuca ulaşır.,Problem Çözme,Analiz,4,Sütun ve Daire Grafik,Grafik → Grafik → Hesaplama,""['Yüzde oranları', 'Orantı kurma', 'Toplam kavramı']"",""['Yüzde hesaplama', 'Grafik birleştirme', 'Oran kullanma']"",Dil kursu öğrenci oranları,2020,B,images/veri_analizi_45.png,",,,,,,,,,,,,,,,
"S46-2025-VeriAnalizi,Veri Analizi,Grafiklerden Sonuç Çıkarma,Grafiklerdeki verileri karşılaştırarak çıkarım yapar.,Yorumlama,Analiz,3,Sütun Grafik + Hedef Şeması,Grafik → Yorumlama,""['Açı kavramı', 'Toplam puan kavramı']"",""['Veri karşılaştırma', 'Sonuç çıkarma']"",Oyun – hedef tahtası puanları,2025,D,images/veri_analizi_46.png,",,,,,,,,,,,,,,,
"S47-2021-VeriAnalizi,Veri Analizi,Daire ve Sütun Grafik Karşılaştırması,Farklı grafik türlerinden elde edilen verileri birleştirerek yorumlar.,Problem Çözme,Analiz,3,Daire + Sütun Grafik,Grafik → Grafik → Karşılaştırma,""['Açı ölçüleri', 'Oran-orantı', 'Toplam kavramı']"",""['Karşılaştırma', 'Veri bütünleştirme', 'Yorumlama']"",Öğrencilerin meslek tercihi anketi,2021,B,images/veri_analizi_47.png,",,,,,,,,,,,,,,,
"S48-2018-VeriAnalizi,Veri Analizi,Tablo ve Daire Grafik İlişkilendirme,Tablo verilerini daire grafiğiyle ilişkilendirerek hesaplama yapar.,Problem Çözme,Uygulama,3,Tablo + Daire Grafik,Tablo → Grafik → Hesaplama,""['Açı ölçüleri', 'Oran-orantı', 'Kütle ve yüzey ilişkisi']"",""['Orantı kurma', 'Birimi dönüştürme', 'Toplamdan parça bulma']"",Cam çeşitleri ve bina kaplama,2018,B,images/veri_analizi_48.png,",,,,,,,,,,,,,,,
"S49-2024-VeriAnalizi,Veri Analizi,Daire ve Sütun Grafik İlişkilendirme,İki grafikten elde edilen verileri karşılaştırarak bilinmeyeni bulur.,Problem Çözme,Analiz,3,Daire + Sütun Grafik,Grafik → Grafik → Hesaplama,""['Açı ölçüleri', 'Oran-orantı', 'Yüzde kavramı']"",""['Orantı kurma', 'Yüzde hesaplama', 'Karşılaştırma']"",Tiyatro salonu koltuk dağılımı,2024,B,images/veri_analizi_49.png,",,,,,,,,,,,,,,,
"S50-2020-VeriAnalizi,Veri Analizi,Daire ve Sütun Grafik Karşılaştırması,Grafiklerden veri okuyarak toplam sayıyı bulur.,Problem Çözme,Uygulama,3,Daire + Sütun Grafik,Grafik → Grafik → Hesaplama,""['Açı ölçüleri', 'Oran-orantı', 'Toplam kavramı']"",""['Toplama', 'Orantı kurma', 'Yorumlama']"",Okul gezisindeki öğrenci dağılımı,2020,C,images/veri_analizi_50.png,",,,,,,,,,,,,,,,
"S51-2024-VeriAnalizi,Veri Analizi,Daire Grafik Yorumlama ve Açı Hesaplama,Daire grafiğinde verilen açı ölçülerini kullanarak veri analizi yapar ve matematiksel işlemlerle sonuca ulaşır.,Problem Çözme,Analiz,3,Çift Daire Grafik,Grafik → Hesaplama,""['Açı ölçüleri', 'Daire grafiği okuma', 'Oran-orantı', 'Toplam kavramı']"",""['Açı hesaplama', 'Orantı kurma', 'Toplama-çıkarma', 'Minimum değer bulma']"",Günlük yaşam – kütüphane boya işlemi,2024,C,images/veri_analizi_51.png,",,,,,,,,,,,,,,,
"S52-2024-VeriAnalizi,Veri Analizi,Daire Grafik Yorumlama ve Zaman Hesaplama,Daire grafiğinde verilen açı ölçülerini kullanarak orantı kurar ve zaman farkı hesaplar.,Problem Çözme,Analiz,3,Çift Daire Grafik,Grafik → Hesaplama,""['Açı ölçüleri', 'Daire grafiği okuma', 'Oran-orantı', 'Zaman hesaplama']"",""['Açı hesaplama', 'Orantı kurma', 'Çıkarma işlemi', 'Zaman farkı bulma']"",Günlük yaşam – fotoğraf çekimi/yaş dağılımı,2024,A,images/veri_analizi_52.png,",,,,,,,,,,,,,,,
"S53-2018-VeriAnalizi,Veri Analizi,Daire Grafik ve Tablo İlişkilendirme,Daire grafiği ve tablodan elde edilen verileri kullanarak matematiksel işlemler yapar ve sonuca ulaşır.,Problem Çözme,Analiz,3,Çift Daire Grafik + Tablo,Grafik + Tablo → Hesaplama,""['Açı ölçüleri', 'Daire grafiği okuma', 'Tablo okuma', 'Oran-orantı']"",""['Açı hesaplama', 'Orantı kurma', 'Toplama', 'Çoklu veri kaynağı kullanma']"",Eğitim – okul kayıt dönemi öğrenci dağılımı,2018,B,images/veri_analizi_53.png,",,,,,,,,,,,,,,,
"S54-2019-VeriAnalizi,Veri Analizi,Daire Grafik Yorumlama ve Karşılaştırma,İki daire grafiğini karşılaştırarak verilen koşulları kullanıp matematiksel işlemlerle sonuca ulaşır.,Problem Çözme,Analiz,3,Çift Daire Grafik,Grafik → Hesaplama,""['Açı ölçüleri', 'Daire grafiği okuma', 'Oran-orantı', 'Eşitlik kavramı']"",""['Açı hesaplama', 'Orantı kurma', 'Toplama', 'Eşitlik kurma', 'Karşılaştırma']"",""Eğitim – kurs katılımı (gitar, keman, flüt)"",2019,C,images/veri_analizi_54.png,",,,,,,,,,,,,,,,
"S55-2023-VeriAnalizi,Veri Analizi,Daire Grafik ve Sütun Grafik İlişkilendirme,Farklı türdeki grafikleri (daire ve sütun) birlikte yorumlayarak matematiksel işlemlerle sonuca ulaşır.,Problem Çözme,Analiz,3,Daire Grafik + Sütun Grafik,Çoklu Grafik → Hesaplama,""['Açı ölçüleri', 'Yüzde hesaplama', 'Daire grafiği okuma', 'Sütun grafiği okuma', 'Oran-orantı']"",""['Açı hesaplama', 'Yüzde-açı dönüşümü', 'Orantı kurma', 'Grafik arası veri transfer', 'Açı bulma']"",Günlük yaşam – lokanta içecek satışı,2023,C,images/veri_analizi_55.png,",,,,,,,,,,,,,,,
"S56-2021-VeriAnalizi,Veri Analizi,Daire Grafik ve Sütun Grafik İlişkilendirme,Farklı türdeki grafikleri (daire ve sütun) birlikte yorumlayarak verilen koşullarla matematiksel işlemler yapar.,Problem Çözme,Analiz,4,Daire Grafik + Sütun Grafik,Çoklu Grafik → Hesaplama,""['Açı ölçüleri', 'Daire grafiği okuma', 'Sütun grafiği okuma', 'Oran-orantı', 'Toplam hesaplama']"",""['Açı hesaplama', 'Orantı kurma', 'Çarpma', 'Bölme', 'Toplam bulma', 'Maksimum değer belirleme']"",Spor – maraton parkur zorluk seviyeleri,2021,B,images/veri_analizi_56.png,",,,,,,,,,,,,,,,
"S57-2024-VeriAnalizi,Veri Analizi,Sütun Grafik ve Daire Grafik İlişkilendirme,Farklı yıllara ait verileri karşılaştırarak farklı grafik türlerinden (sütun ve daire) bilgi elde eder ve matematiksel işlemler yapar.,Problem Çözme,Analiz,4,Sütun Grafik + Çift Daire Grafik,Çoklu Grafik + Zaman Serisi → Hesaplama,""['Açı ölçüleri', 'Sütun grafiği okuma', 'Daire grafiği okuma', 'Oran-orantı', 'Yıllara göre değişim']"",""['Açı hesaplama', 'Orantı kurma', 'Toplama', 'Çıkarma', 'Zaman serisi analizi', 'Grafik arası veri transfer']"",""Eğitim – okul öğrenci sayıları (2020-2021, 2021-2022)"",2024,C,images/veri_analizi_57.png,",,,,,,,,,,,,,,,
"S58-2025-VeriAnalizi,Veri Analizi,Daire Grafik ve Sütun Grafik İlişkilendirme,Farklı türdeki grafikleri (daire ve sütun) birlikte yorumlayarak verilen koşulları kullanıp gelir hesabı yapar.,Problem Çözme,Analiz,4,Daire Grafik + Çift Sütun Grafik,Çoklu Grafik → Hesaplama,""['Açı ölçüleri', 'Daire grafiği okuma', 'Sütun grafiği okuma', 'Oran-orantı', 'Çarpma işlemi']"",""['Açı hesaplama', 'Orantı kurma', 'Eşitlik kurma', 'Çarpma', 'Gelir hesaplama', 'Grafik arası veri transfer']"",Günlük yaşam – etkinlik bilet satışı ve gelir hesabı,2025,B,images/veri_analizi_58.png,",,,,,,,,,,,,,,,
"S59-2022-VeriAnalizi,Veri Analizi,Daire Grafik Yorumlama ve Karşılaştırma,İki daire grafiğini karşılaştırarak verilen koşulları kullanıp toplam değer hesabı yapar.,Problem Çözme,Analiz,4,Çift Daire Grafik,Grafik → Hesaplama,""['Açı ölçüleri', 'Daire grafiği okuma', 'Oran-orantı', 'Açı hesaplama']"",""['Açı hesaplama', 'Orantı kurma', 'Toplama', 'Çıkarma', 'Bölme', 'Çoklu koşul kullanma']"",Sanat/El işi – bileklik yapımı ve boncuk dağılımı,2022,A,images/veri_analizi_59.png,",,,,,,,,,,,,,,,
"S60-2020-VeriAnalizi,Veri Analizi,Çoklu Grafik İlişkilendirme ve Karşılaştırma,Daire grafiklerden elde edilen verileri kullanarak doğru sütun grafiğini belirler ve grafik türleri arasında dönüşüm yapar.,Grafik Eşleştirme,Değerlendirme,3,Çift Daire Grafik + Dört Sütun Grafik Seçeneği,Grafik → Grafik Dönüşümü,""['Açı ölçüleri', 'Daire grafiği okuma', 'Sütun grafiği okuma', 'Oran-orantı']"",""['Açı hesaplama', 'Orantı kurma', 'Birim fiyat hesaplama', 'Grafik karşılaştırma', 'Grafik türleri arası dönüşüm']"",Günlük yaşam – mağaza gömlek satışı ve fiyatlandırma,2020,A,images/veri_analizi_60.png,",,,,,,,,,,,,,,,
"S61-2022-VeriAnalizi,Veri Analizi,Grafik Dönüşümü ve Yüzde Hesaplama,Farklı grafik türlerindeki verileri yorumlar ve aralarındaki ilişkiyi kurar.,Grafik Yorumlama ve Dönüştürme,Analiz,3,Daire + Sütun Grafik,Sütun + Daire → Yeni Daire,""['Toplam - fark işlemi', 'Oran-orantı', 'Yüzde hesaplama', 'Grafik okuma']"",""['Toplama', 'Çıkarma', 'Orantısal düşünme', 'Veri dönüştürme']"",Kütüphane kitap türleri ve okuma davranışı,2022,D,images/veri_analizi_61.png,",,,,,,,,,,,,,,,
"S62-2022-VeriAnalizi,Veri Analizi,Grafik Yorumlama ve Gelir Hesaplama,Grafik ve tablo verilerini birleştirerek yorumlar ve problem çözer.,Grafik Yorumlama + Problem Çözme,Analiz,3,Daire Grafik + Tablo,Daire Grafik → Hesaplama,""['Oran-orantı', 'Yüzde ve açı ilişkisi', 'Gelir hesaplama', 'Paketleme mantığı (4 çift = 1 paket)']"",""['Oran kurma', 'Toplama', 'Çarpma', 'Problem çözme']"",Üretim ve satış – fabrika gelir hesabı,2022,A,images/veri_analizi_62.png,",,,,,,,,,,,,,,,
"S63-2025-VeriAnalizi,Veri Analizi,Grafik Yorumlama ve Kampanya Problemi,Grafik verilerini ve kampanya koşullarını kullanarak problem çözer.,Grafik Yorumlama + Problem Çözme,Analiz,3,Daire Grafik + Tablo,Daire Grafik + Tablo → Hesaplama,""['Yüzde / açı ve toplam para ilişkisi', 'Kampanya matematiği', 'Oran-orantı', 'Toplam ödeme hesaplama']"",""['Orantı kurma', 'Çarpma', 'İndirim / kampanya hesaplama', 'Problem çözme']"",Alışveriş – kampanya ile ürün satın alma,2025,B,images/veri_analizi_63.png,",,,,,,,,,,,,,,,
"S64-2021-VeriAnalizi,Veri Analizi,Grafik Yorumlama ve Oran-Orantı,""Grafik verilerini yorumlar, birim dönüşümleri ve oran hesapları yapar."",Grafik Yorumlama + Hesaplama,Analiz,3,Daire Grafik + Sütun Grafik Seçimi,Daire Grafik → Sütun Grafik,""['Yüzde hesaplama', 'Oran-orantı', 'Birim dönüşümü', 'Grafik karşılaştırma']"",""['Yüzde kullanma', 'Oran kurma', 'Çarpma', 'Grafik okuma ve yorumlama']"",Süt ürünleri üretimi – tereyağından peynire dönüşüm,2021,A,images/veri_analizi_64.png,",,,,,,,,,,,,,,,
"S65-2020-VeriAnalizi,Veri Analizi,Grafik Yorumlama ve Oran Korunumu,Başlangıç ve kalan miktar grafiklerini yorumlayarak oran ilişkisini kullanır.,Grafik Yorumlama + Mantık Yürütme,Analiz,3,Sütun Grafik + Daire Grafik Seçimi,Sütun Grafik → Daire Grafik,""['Oran-orantı', 'Grafik okuma', 'Toplam ve fark ilişkisi', 'Stok yönetimi']"",""['Orantı kurma', 'Karşılaştırma', 'Görsel veri analizi', 'Mantıksal çıkarım']"",Gıda üretimi – pizza malzeme kullanımı,2020,D,images/veri_analizi_65.png,",,,,,,,,,,,,,,,
"S66-2020-VeriAnalizi,Veri Analizi,Çoklu Daire Grafik ve Oran Zinciri,Birden fazla grafikteki oranları birleştirerek problem çözer.,Grafik Yorumlama + Maksimum Değer,Analiz,3,Hiyerarşik Daire Grafikler,Ana Daire → Alt Daireler → Hesaplama,""['Oran ilişkisi', 'Çarpma', 'Kısıt altında hesaplama', 'Toplam–parça ilişkisi']"",""['Oran kurma', 'Kesir çarpımı', 'Eşitsizlik', 'Mantıksal çıkarım']"",Fırın üretimi – ürün ve çeşit dağılımı,2020,C,images/veri_analizi_66.png,",,,,,,,,,,,,,,,
"S67-2018-VeriAnalizi,Veri Analizi,Daire ve Sütun Grafik Karşılaştırması,Farklı grafiklerde verilen verileri karşılaştırır ve oran analizi yapar.,Grafik Yorumlama + Oran Analizi,Analiz,2,Daire Grafik + Sütun Grafik,Daire Grafik + Sütun Grafik → Oran Hesabı,""['Açılardan oran bulma', 'Üretim / işçi verimliliği', 'Karşılaştırma']"",""['Oran kurma', 'Karşılaştırma', 'Grafik okuma', 'Verimlilik hesaplama']"",Fabrika üretimi ve işçi verimliliği,2018,D,images/veri_analizi_67.png,",,,,,,,,,,,,,,,
"S68-2022-VeriAnalizi,Veri Analizi,Üslü Sayılar ve Grafik Yorumlama,Grafiklerde verilen verileri kullanarak toplam değer hesaplar ve oranları yorumlar.,Hesaplama + Grafik Yorumlama,Analiz,3,Sütun Grafik + Daire Grafik,Sütun Grafik → Hesaplama → Daire Grafik,""['Üslü sayı okuma', 'Oran-orantı', 'TL dönüşümü', 'Grafik karşılaştırma']"",""['Toplama', 'Çarpma', 'Oran bulma', 'Görsel veri analizi']"",Kumbara – madeni para değerleri,2022,A,images/veri_analizi_68.png,",,,,,,,,,,,,,,,
"S69-2024-VeriAnalizi,Veri Analizi,Daire Grafik ve Kâr Hesaplama,Grafik ve tablo verilerini kullanarak kâr-hacim hesabı yapar.,Grafik Yorumlama + Kâr Problemi,Analiz,3,Daire Grafik + Tablo,Daire Grafik + Tablo → Hesaplama,""['Oran-orantı', 'Kâr hesaplama', 'Satış fiyatı çarpanları', 'Yüzde hesaplama']"",""['Oran kurma', 'Yüzde hesaplama', 'Çarpma', 'Veri yorumlama']"",Tarım ürünleri – üretim ve satış kârı,2024,B,images/veri_analizi_69.png,",,,,,,,,,,,,,,,
"S70-2019-VeriAnalizi,Veri Analizi,""Daire + Sütun Grafik, Minimum Bulma"",Farklı grafiklerdeki verileri birleştirerek en az/maksimum değer problemi çözer.,Grafik Yorumlama + Optimizasyon,Analiz,2,Daire Grafik + Sütun Grafik,Daire Grafik + Sütun Grafik → Hesaplama,""['Açı-oran ilişkisi', 'Paylaştırma', 'Minimum bulma']"",""['Oran kurma', 'Karşılaştırma', 'Tamsayı kısıtı']"",Çalıştay daveti ve katılım analizi,2019,B,images/veri_analizi_70.png,",,,,,,,,,,,,,,,
"S71-2024-VeriAnalizi,Veri Analizi,Grafikler Arası İlişki ve Gerçek Yaşam Bağlantısı,Birden fazla grafik türündeki verileri ilişkilendirerek gerçek yaşam problemlerini çözer.,Karma Veri Yorumlama ve Problem Çözme,Analiz,5,Daire + Sütun Grafik,Daire Grafik + Sütun Grafik → Oran-Orantı Hesaplama,""['Oran-orantı', 'Yüzde hesaplama', 'Birim dönüştürme', 'Grafik okuma']"",""['Veri birleştirme', 'Oran kurma', 'Aritmetik işlem', 'Gerçek yaşam problem çözme']"",Geri dönüşümde atık yağların çevresel etkisi ve miktar hesabı,2024,B,images/veri_analizi_71.png,",,,,,,,,,,,,,,,
"S72-2025-VeriAnalizi,Veri Analizi,Daire Grafiğinde Oran ve Gerçek Yaşam Problemi,""Daire grafiğinde verilen verilerden oran ve pay hesaplamaları yapar, gerçek yaşam problemlerini çözer."",Oran-Orantı ve Gelir Hesaplama Problemi,Uygulama,4,Daire Grafik,Daire Grafik → Gerçek Yaşam Oran Problemi,""['Oran-orantı', 'Yüzde hesaplama', 'Daire grafiği yorumlama', 'Aritmetik işlem']"",""['Oran kurma', 'Yüzde bulma', 'Veri analizi', 'Gerçek yaşam problem çözme']"",Bir pizzacının menü gelir dağılımı ve satış analizi,2025,C,images/veri_analizi_72.png,",,,,,,,,,,,,,,,
"S73-2024-VeriAnalizi,Veri Analizi,Tablo ve Daire Grafiği Arasında Veri İlişkisi,Tablo ve daire grafiğinde verilen veriler arasında ilişki kurarak toplam veya ortalama hesaplamaları yapar.,Karma Veri Yorumlama ve Hesaplama,Analiz,5,Tablo + Daire Grafik,Tablo + Daire Grafik → Toplam Hesaplama,""['Oran-orantı', 'Yüzde hesaplama', 'Toplama', 'Grafik okuma']"",""['Veri birleştirme', 'Oran kurma', 'Aritmetik işlem', 'Yüzde bulma']"",Öğrencilerin okul servis ücretleri ve uzaklık dağılımı,2024,C,images/veri_analizi_73.png,",,,,,,,,,,,,,,,
"S74-2022-VeriAnalizi,Veri Analizi,Sütun ve Daire Grafikleri Arasında İlişki Kurma,Sütun grafiğinde verilen verileri yorumlayarak bu verilere uygun daire grafiğini oluşturur.,Karma Veri Dönüştürme ve Yorumlama,Analiz,5,Sütun + Daire Grafik,Sütun Grafik → Daire Grafik Dönüştürme,""['Oran-orantı', 'Yüzde hesaplama', 'Toplama', 'Grafik okuma']"",""['Veri dönüştürme', 'Oran hesaplama', 'Grafik yorumlama']"",Fotoğraf depolama miktarının günlere göre değişimi,2022,A,images/veri_analizi_74.png,",,,,,,,,,,,,,,,
"S75-2022-VeriAnalizi,Veri Analizi,Grafik ve Gerçek Yaşam Problemleri,""Gerçek yaşam durumlarını içeren grafiklerden yararlanarak oran, süre ve ücret hesaplamaları yapar."",Veri Yorumlama ve Oran Hesaplama,Uygulama,3,Daire + Bilgi Kartı + Harita Görseli,Daire Grafik + Tablo Verisi → Ücret Hesaplama,""['Oran-orantı', 'Yüzde hesaplama', 'Dört işlem', 'Birim analiz']"",""['Oran kurma', 'Süre hesaplama', 'Ücret hesaplama']"",Günlük yaşam – ulaşım ve ücretlendirme,2022,B,images/veri_analizi_75.png,",,,,,,,,,,,,,,,
"S76-2023-VeriAnalizi,Veri Analizi,Daire Grafik Karşılaştırma ve Yorumlama,Farklı yıllara ait daire grafikleri karşılaştırarak veriler arasındaki değişimi yorumlar.,Grafik Karşılaştırma ve Yorumlama,Analiz,3,Daire Grafik (Çift Grafik),Daire → Daire Karşılaştırma,""['Oran-orantı', 'Yüzde hesaplama', 'Veri okuma']"",""['Oran kurma', 'Karşılaştırma', 'Fark hesaplama']"",İnternet sitesi kullanıcı istatistikleri – yaş grubu analizi,2023,D,images/veri_analizi_76.png,",,,,,,,,,,,,,,,
"S77-2021-VeriAnalizi,Veri Analizi,Grafik Türleri Arası Dönüşüm,Daire grafiğinde verilen verileri yorumlar ve sütun grafikle ilişkilendirir.,Grafik Dönüştürme ve Karşılaştırma,Analiz,3,Daire + Sütun Grafik,Daire → Sütun,""['Oran-orantı', 'Veri okuma', 'Grafik türleri arasındaki ilişki']"",""['Oran kurma', 'Veri dönüştürme', 'Karşılaştırma yapma']"",Barınaktaki köpek türleri – aylık dağılım analizi,2021,C,images/veri_analizi_77.png,",,,,,,,,,,,,,,,
"S78-2018-VeriAnalizi,Veri Analizi,Grafiklerden Veriye Ulaşma ve Oran Hesaplama,""Birden fazla grafik türündeki verileri ilişkilendirir, oran ve miktar hesaplaması yapar."",Veri Yorumlama ve Oran Hesaplama,Analiz,3,Daire + Sütun Grafik,Daire + Sütun → Oran Hesaplama,""['Oran-orantı', 'Yüzde hesaplama', 'Toplama ve çarpma işlemleri']"",""['Oran kurma', 'Veri dönüştürme', 'Yüzde hesaplama']"",Gerçek yaşam – konfeksiyon atölyesi üretim analizi,2018,D,images/veri_analizi_78.png,",,,,,,,,,,,,,,,
"S79-2019-VeriAnalizi,Veri Analizi,Grafik Dönüşümü ve Veri Değişimi,Bir veri grubundaki değişimleri yorumlar ve farklı grafik türlerinde ifade eder.,Veri Dönüştürme ve Karşılaştırma,Analiz,3,Sütun + Daire Grafik,Sütun (2018) → Daire (2019),""['Toplama', 'Fark hesaplama', 'Yüzde ve oran']"",""['Veri farkı hesaplama', 'Oran kurma', 'Grafik karşılaştırma']"",Gerçek yaşam – satış istatistikleri (bisiklet renkleri),2019,A,images/veri_analizi_79.png,",,,,,,,,,,,,,,,
"S80-2022-VeriAnalizi,Veri Analizi,Birden Fazla Grafik Arasındaki İlişki,Birden fazla grafik türündeki verileri ilişkilendirir ve yorum yapar.,Çoklu Grafik Yorumlama,Analiz,3,Daire + Sütun Grafik,Daire → Sütun (veri birleşimi),""['Açı hesaplama', 'Oran-orantı', 'Grafik okuma']"",""['Oran kurma', 'Toplama', 'Veri ilişkilendirme']"",Eğitim ortamı – tasarım ve beceri atölyeleri,2022,C,images/veri_analizi_80.png,",,,,,,,,,,,,,,,
"S81-2020-VeriAnalizi,Veri Analizi,Karma Grafik Yorumlama ve Orantı Kurma,""Birden fazla grafik türündeki verileri ilişkilendirir, orantı kurarak bilinmeyen değeri bulur."",Karma Grafik Analizi (Sütun + Daire),Analiz,3,Sütun + Daire Grafik,Sütun + Daire → Sayısal Değer,""['Oran-orantı', 'Açı hesaplama', 'Toplama']"",""['Oran kurma', 'Veri ilişkilendirme', 'Açıdan kg hesaplama']"",Günlük yaşam – manav satış verileri,2020,C,images/veri_analizi_81.png,",,,,,,,,,,,,,,,
"S82-2022-VeriAnalizi,Veri Analizi,Grafikler Arası Veri İlişkisi (Daire - Tablo - Sütun),""Birden fazla veri gösterim türü (grafik, tablo) arasındaki ilişkileri yorumlar ve yeni bir grafik oluşturur."",Karma Veri Yorumlama ve Dönüştürme,Analiz,4,Daire + Tablo + Sütun Grafik,Daire + Tablo → Sütun,""['Toplama', 'Çıkarma', 'Oran-orantı', 'Grafik okuma']"",""['Veri birleştirme', 'Aritmetik işlem', 'Grafik yorumlama']"",Trafik verisi – araç kayıt sayıları,2022,A,images/veri_analizi_82.png,",,,,,,,,,,,,,,,
"S83-2021-VeriAnalizi,Veri Analizi,Grafik Türleri Arası Dönüşüm ve Oranlı Hesaplama,Farklı grafik türlerinden elde edilen verileri oranlarla ilişkilendirerek yorumlar.,Grafik Dönüştürme ve Yorumlama,Analiz,3,Sütun + Daire Grafik,Sütun → Daire Grafik,""['Oran-orantı', 'Yüzde hesaplama', 'Veri yorumlama']"",""['Oran kurma', 'Toplamdan pay bulma', 'Grafik türleri arasında ilişki kurma']"",Sinema bileti satış ve ücret dağılımı,2021,D,images/veri_analizi_83.png,",,,,,,,,,,,,,,,
"S84-2019-VeriAnalizi,Veri Analizi,Grafik Verilerinden Gelir Hesabı,Tablo ve sütun grafikte verilen verileri kullanarak oranlı fiyat-gelir ilişkisi kurar ve problem çözer.,Veri Yorumlama ve Hesaplama,Analiz,3,Tablo + Sütun Grafik,Tablo/Sütun → Sayısal Veri,""['Oran-orantı', 'Tam sayı fiyat aralıkları', 'Toplam gelir denklemi']"",""['Grafikten değer okuma', 'Gelir denklemi kurma', 'Ençok/enaz analizi']"",Tarım ürünleri üretimi ve satış geliri,2019,B,images/veri_analizi_84.png,",,,,,,,,,,,,,,,
"S85-2018-VeriAnalizi,Veri Analizi,Grafik Verilerinden Çıkarım Yapma,Sütun grafiğinde verilen verileri yorumlayarak problem çözer.,Yorumlama ve Hesaplama,Analiz,3,Sütun Grafik,Sütun → Sayısal Veri,""['Oran hesaplama', 'Yüzde bulma', 'Veri karşılaştırma']"",""['Oran kurma', 'Aritmetik ortalama bulma', 'Yüzdelik yorumlama']"",Üniversite yemekhanelerinde atık miktarlarının analizi,2018,A,images/veri_analizi_85.png,",,,,,,,,,,,,,,,
"S86-2025-VeriAnalizi,Veri Analizi,Grafikler Arası Karşılaştırma ve Dönüşüm,İki farklı grafikteki verileri ilişkilendirerek yeni grafik oluşturur.,Veri Dönüştürme ve Karşılaştırma,Analiz,3,Sütun + Daire Grafik,Sütun → Daire Grafik,""['Oran-orantı', 'Açı hesaplama', 'Yüzde dönüşümü']"",""['Oran kurma', 'Veri karşılaştırma', 'Açı bulma']"",Barajlardaki su miktarlarının değişimi,2025,B,images/veri_analizi_86.png,",,,,,,,,,,,,,,,
"S87-2025-VeriAnalizi,Veri Analizi,Sütun ve Daire Grafik Karşılaştırması,Birden fazla grafik türünü yorumlayarak veriler arasındaki ilişkiyi analiz eder.,Problem Çözme,Analiz,4,Sütun + Daire Grafik,Grafik → Grafik → Hesaplama,""['Oran-orantı', 'Açı ölçüleri', 'Veri karşılaştırma']"",""['Orantı kurma', 'Veri birleştirme', 'En az değer bulma']"",Ulaşım – tren vagonu yolcu sayıları,2025,C,images/veri_analizi_87.png,",,,,,,,,,,,,,,,
"S88-2024-VeriAnalizi,Veri Analizi,Sütun Grafik Okuma ve Tablo Eşleştirme,Sütun grafiğini okuyarak tablo verileriyle eşleştirir.,Veri Yorumlama,Uygulama,2,Sütun Grafik,Grafik → Tablo → Eşleştirme,""['Grafik okuma', 'Oran ve sayı kavramı']"",""['Görsel veri okuma', 'Tahmin ve karşılaştırma']"",Kültür – müze ziyaret saatleri,2024,A,images/veri_analizi_88.png,",,,,,,,,,,,,,,,
"S89-2023-VeriAnalizi,Veri Analizi,Daire ve Sütun Grafik İlişkilendirme,Farklı grafik türlerinden elde edilen verileri ilişkilendirir.,Problem Çözme,Analiz,3,Daire + Sütun Grafik,Grafik → Grafik → Hesaplama,""['Oran-orantı', 'Açı ölçüleri', 'Toplam kavramı']"",""['Oran kurma', 'Parça-bütün ilişkisi', 'Hesaplama']"",Alışveriş – mağaza ödemeleri ve taksitler,2023,B,images/veri_analizi_89.png,",,,,,,,,,,,,,,,
"S90-2023-VeriAnalizi,Veri Analizi,Daire Grafik ve Oran Yorumlama,Daire grafiğinde verilen oranları kullanarak toplama ulaşır.,Problem Çözme,Analiz,4,Çift Daire Grafik,Grafik → Grafik → Hesaplama,""['Açı ölçüleri', 'Oran-orantı', 'Parça-bütün ilişkisi']"",""['Oran kurma', 'Yüzde hesaplama', 'Toplam bulma']"",Anket – elektrikli araç tercihi nedenleri,2023,B,images/veri_analizi_90.png,",,,,,,,,,,,,,,,
"S91-2022-VeriAnalizi,Veri Analizi,Daire Grafik ve Sütun Grafik İlişkilendirme,Farklı türdeki grafikleri (daire ve sütun) birlikte yorumlayarak oran hesabı yapar.,Oran Bulma,Uygulama,2,Daire Grafik + Sütun Grafik,Grafik → Oran Hesaplama,""['Açı ölçüleri', 'Daire grafiği okuma', 'Sütun grafiği okuma', 'Oran kavramı']"",""['Açı-oran dönüşümü', 'Oran hesaplama', 'Grafik okuma', 'Basitleştirme']"",Günlük yaşam – süt fabrikası üretimi ve aromalandırma,2022,D,images/veri_analizi_91.png,",,,,,,,,,,,,,,,
"S92-2021-VeriAnalizi,Veri Analizi,Daire Grafik Yorumlama ve Zaman Serisi Karşılaştırma,Farklı yıllara ait daire grafiklerini karşılaştırarak verilen değişim bilgilerini kullanıp matematiksel işlemlerle sonuca ulaşır.,Problem Çözme,Analiz,3,Çift Daire Grafik,Grafik + Zaman Serisi → Hesaplama,""['Açı ölçüleri', 'Daire grafiği okuma', 'Oran-orantı', 'Yıllara göre değişim']"",""['Açı hesaplama', 'Orantı kurma', 'Toplama', 'Çıkarma', 'Zaman serisi analizi', 'Değişim hesaplama']"",Günlük yaşam – elektronik mağaza televizyon satışları (2019-2020),2021,C,images/veri_analizi_92.png,",,,,,,,,,,,,,,,
"S93-2021-VeriAnalizi,Veri Analizi,""Daire Grafik, Tablo ve Yüzde İlişkilendirme"",Tablo ve daire grafiğinden elde edilen verileri yüzde bilgisiyle birleştirerek matematiksel işlemler yapar.,Problem Çözme,Analiz,4,Daire Grafik + Tablo + Şema,Çoklu Veri Kaynağı → Hesaplama,""['Açı ölçüleri', 'Daire grafiği okuma', 'Tablo okuma', 'Yüzde hesaplama', 'Oran-orantı']"",""['Açı hesaplama', 'Yüzde hesaplama', 'Orantı kurma', 'Çarpma', 'Toplam bulma', 'Çoklu veri kaynağı kullanma']"",Eğlence/Spor – stadyum maç bileti satışı ve blok dağılımı,2021,B,images/veri_analizi_93.png,",,,,,,,,,,,,,,,
"S94-2020-VeriAnalizi,Veri Analizi,Daire Grafik ve Sütun Grafik Eşleştirme,Daire grafiğinden elde edilen verileri kullanarak doğru sütun grafiğini belirler ve grafik türleri arasında dönüşüm yapar.,Grafik Eşleştirme,Değerlendirme,2,Daire Grafik + Dört Sütun Grafik Seçeneği,Grafik → Grafik Dönüşümü,""['Açı ölçüleri', 'Daire grafiği okuma', 'Sütun grafiği okuma', 'Oran-orantı']"",""['Açı hesaplama', 'Orantı kurma', 'Grafik karşılaştırma', 'Görsel analiz']"",Eğitim – kitap okuma alışkanlığı ve tür tercihleri,2020,A,images/veri_analizi_94.png,",,,,,,,,,,,,,,,
"S95-2020-VeriAnalizi,Veri Analizi,""Daire + Sütun Grafik, Oran ve Birim Başına Hesap"",Farklı grafiklerdeki verileri birleştirerek porsiyon başına miktar ve toplam değer hesaplar.,Grafik Yorumlama + Hesaplama,Analiz,2,Sütun Grafik + Daire Grafik,Daire Grafik + Sütun Grafik → Porsiyon Başına Hesap → Seçim,""['Açı–oran ilişkisi', 'Toplam dağılım', 'Birim başına hesap']"",""['Oran kurma', 'Bölme', 'Çarpma', 'Karşılaştırma']"",Lokanta menüsü – porsiyon ve tuz dağılımı,2020,D,images/veri_analizi_95.png,",,,,,,,,,,,,,,,
"S96-2020-VeriAnalizi,Veri Analizi,Çoklu Grafik Okuma ve Kalanı Bulma,Birden fazla grafikte verilen verileri ilişkilendirerek eksik bilgiyi hesaplar.,Grafik Yorumlama + Mantıksal Çıkarım,Analiz,3,Sütun Grafik + Daire Grafik,Sütun Grafik + 4 Daire Grafik → Tekil Veri Bulma,""['Oran–açı ilişkisi', 'Alt grup bulma', 'Eksik veri tamamlama', 'Karşılaştırma']"",""['Oran kurma', 'Görsel veri analizi', 'Mantık yürütme']"",Gezi tercih anketi,2020,D,images/veri_analizi_96.png,",,,,,,,,,,,,,,,
"S97-2019-VeriAnalizi,Veri Analizi,Daire Grafik ve Zaman Hesaplama,Daire grafikte verilen süre dağılımını zamana dönüştürerek program akışı oluşturur.,Zaman Planlama + Grafik Yorumlama,Analiz,3,Daire Grafik + Tablo,Daire Grafik → Süre Hesabı → Zaman Çizelgesi,""['Açı-süre dönüşümü', '24 saat planlama', 'Sıralı hesaplama']"",""['Açı → süre', 'Toplama', 'Zaman hesaplama', 'Planlama']"",TV yayın akışı planlama,2019,A,images/veri_analizi_97.png,",,,,,,,,,,,,,,,
S98-2024-VeriAnalizi,Veri Analizi,Daire Grafikte Merkez Açı Hesaplama,Tabloda verilen verilerle daire grafiğinde merkez açı hesaplaması yapar.,Veri Dönüştürme ve Yorumlama,Uygulama,2.0,Tablo,Tablo → Daire Grafik,"['Yüzde hesaplama', 'Oran-orantı', 'Açı hesaplama']","['Oran kurma', 'Açı hesaplama', 'Toplama']",Sınıf – öğrencilerin en sevdiği derslerin dağılımı,2024.0,C,images/veri_analizi_98.png,
S99-2021-VeriAnalizi,Veri Analizi,Sütun Grafikten Daire Grafiğe Dönüştürme,"Verilen sütun grafiğini daire grafiğine dönüştürür, verileri oranlayarak merkez açı hesaplar.",Grafik Dönüştürme ve Oran Hesaplama,Uygulama,3.0,Sütun Grafik,Sütun Grafik → Daire Grafik,"['Oran-orantı', 'Açı hesaplama', 'Toplama']","['Oran kurma', 'Açı hesaplama', 'Veri yorumlama']",Fabrika – bölümlere göre çalışan sayısı,2021.0,B,images/veri_analizi_99.png,
S100-2019-VeriAnalizi,Veri Analizi,Oran Karşılaştırma ile Merkez Açı Farkı Bulma,İki orantılı veri grubunun daire grafiğindeki merkez açı farkını hesaplar.,Oran ve Açı Hesaplama,Uygulama,2.0,Metin,Oran → Açı Farkı,"['Oran-orantı', 'Açı hesaplama']","['Oran kurma', 'Çıkarma', 'Yorumlama']",Sınıf başkanlığı seçiminde oy oranı karşılaştırması,2019.0,B,images/veri_analizi_100.png,
S101-2022-VeriAnalizi,Veri Analizi,Daire Grafikte Orantısal İlişki Kurma,Daire grafiğindeki oranları kullanarak sayısal değerler arasında ilişki kurar.,Oran-Orantı ve Açı Hesaplama,Uygulama,3.0,Daire Grafik,Açı → Oran → Sayı,"['Oran-orantı', 'Açı hesaplama']","['Oran kurma', 'Açıdan değer bulma', 'Çarpma']",Araç renk dağılımı analizi,2022.0,B,images/veri_analizi_101.png,
S102-2020-VeriAnalizi,Veri Analizi,Yüzde Dağılımı ile Toplam Bulma,Daire grafiğinde verilen yüzdelik dağılımları yorumlayarak toplam sayıyı bulur.,Yüzde Hesaplama ve Veri Yorumlama,Uygulama,2.0,Daire Grafik,Yüzde → Sayı Hesaplama,"['Yüzde hesaplama', 'Oran-orantı']","['Oran kurma', 'Yüzdeyi sayıya dönüştürme', 'Toplama']",Sınıf – kız ve erkek öğrenci oranı analizi,2020.0,B,images/veri_analizi_102.png,
S103-2024-VeriAnalizi,Veri Analizi,Oran Zinciri ile Merkez Açı Hesaplama,Birden fazla orantı arasında ilişki kurarak daire grafiğinde merkez açı hesaplaması yapar.,Oran-Orantı ve Dönüştürme,Analiz,3.0,Metin,Oran → Oran → Açı,"['Oran-orantı', 'Çarpma', 'Bölme']","['Oran kurma', 'Açı hesaplama', 'Çarpma']",Kuru yemiş paketinde ağırlık oranı analizi,2024.0,D,images/veri_analizi_103.png,
S104-2021-VeriAnalizi,Veri Analizi,Zaman Serisi Veri Yorumu,Verilen çizgi grafiğini yorumlayarak farklı günlerdeki değişimleri analiz eder.,Zaman Serisi ve Açı Hesaplama,Analiz,2.0,Çizgi Grafik,Zaman → Açı Hesaplama,"['Grafik okuma', 'Oran-orantı', 'Zaman farkı']","['Açı hesaplama', 'Zaman yorumlama', 'Toplama']",Manav – elma satış miktarının günlere göre değişimi,2021.0,B,images/veri_analizi_104.png,
S105-2025-VeriAnalizi,Veri Analizi,Yüzde Verilerinden Oy Sayısı Hesaplama,Daire grafikte verilen oranları kullanarak toplam oy ve geçerli oy hesaplaması yapar.,Yüzde ve Oran Hesaplama,Uygulama,3.0,Daire Grafik,Yüzde → Sayı Hesaplama,"['Yüzde hesaplama', 'Oran-orantı', 'Toplama']","['Oran kurma', 'Yüzdeyi sayıya çevirme', 'Toplama']",Seçim – geçerli ve geçersiz oyların dağılımı,2025.0,C,images/veri_analizi_105.png,
S106-2022-VeriAnalizi,Veri Analizi,Çoklu Daire Grafikte Veri Karşılaştırma,Birden fazla daire grafikteki verileri karşılaştırarak oran farklarını yorumlar.,Grafik Karşılaştırma ve Veri Analizi,Analiz,3.0,Çift Daire Grafik,Daire Grafik + Daire Grafik → Karşılaştırma,"['Oran-orantı', 'Yüzde hesaplama']","['Oran kurma', 'Fark bulma', 'Karşılaştırma']",Konut sitesi – bloklara göre daire sayısı,2022.0,B,images/veri_analizi_106.png,
S107-2023-VeriAnalizi,Veri Analizi,Zaman Planlama ve Grafik Yorumu,Daire grafikte verilen süre dağılımlarını zamana dönüştürerek program akışı oluşturur.,Zaman Hesaplama ve Grafik Yorumlama,Analiz,3.0,Daire Grafik + Tablo,Daire Grafik + Tablo → Zaman Hesaplama,"['Açı-süre ilişkisi', 'Zaman farkı', 'Toplama']","['Açıdan süre bulma', 'Toplama', 'Zaman farkı hesaplama']",Otobüs yolculuğu – illere göre süre dağılımı,2023.0,C,images/veri_analizi_107.png,
